<modification>

	<id>News/Blog for OpenCart 1.5.1.x</id>
	<version>2.0.0</version>
	<vqmver>1.2.3</vqmver>
	<author>Fido-X</author>

	<file name="admin/controller/common/header.php">
		<operation>
			<search position="after" index="1"><![CDATA[
			$this->data['text_zone'] = $this->language->get('text_zone');
			]]></search>
			<add><![CDATA[
			$this->load->language('module/news');
			$this->data['text_news'] = $this->language->get('text_news');
			]]></add>
		</operation>
		<operation>
			<search position="after" index="1"><![CDATA[
			$this->data['zone'] = $this->url->link('localisation/zone', 'token=' . $this->session->data['token'], 'SSL');
			]]></search>
			<add><![CDATA[
			$this->data['news'] = $this->url->link('module/news/listing', 'token=' . $this->session->data['token'], 'SSL');
			]]></add>
		</operation>
	</file>

	<file name="admin/view/template/common/header.tpl">
		<operation>
			<search position="after" index="1"><![CDATA[
			<li><a href="<?php echo $information; ?>"><?php echo $text_information; ?></a></li>
			]]></search>
			<add><![CDATA[
			<li><a href="<?php echo $news; ?>"><?php echo $text_news; ?></a></li>
			]]></add>
		</operation>
	</file>

	<file name="catalog/view/theme/default/template/common/header.tpl">
		<operation>
			<search position="after" index="1"><![CDATA[
			<link rel="stylesheet" type="text/css" href="catalog/view/theme/default/stylesheet/stylesheet.css" />
			]]></search>
			<add trim="true"><![CDATA[
			<link rel="stylesheet" type="text/css" href="catalog/view/theme/default/stylesheet/news.css" />
			]]></add>
		</operation>
	</file>

</modification>
